createdAt,updatedAt,barcode,qrCode,product_id
2025-04-30T09:41:02.053Z,2025-04-30T09:41:02.053Z,5784719087687,https://cdn.dummyjson.com/public/qr-code.png,1
2025-04-30T09:41:02.053Z,2025-04-30T09:41:02.053Z,9170275171413,https://cdn.dummyjson.com/public/qr-code.png,2
2025-04-30T09:41:02.053Z,2025-04-30T09:41:02.053Z,8418883906837,https://cdn.dummyjson.com/public/qr-code.png,3
2025-04-30T09:41:02.053Z,2025-04-30T09:41:02.053Z,9467746727219,https://cdn.dummyjson.com/public/qr-code.png,4
2025-04-30T09:41:02.053Z,2025-04-30T09:41:02.053Z,4063010628104,https://cdn.dummyjson.com/public/qr-code.png,5
2025-04-30T09:41:02.053Z,2025-04-30T09:41:02.053Z,2451534060749,https://cdn.dummyjson.com/public/qr-code.png,6
2025-04-30T09:41:02.053Z,2025-04-30T09:41:02.053Z,4091737746820,https://cdn.dummyjson.com/public/qr-code.png,7
2025-04-30T09:41:02.053Z,2025-04-30T09:41:02.053Z,1445086097250,https://cdn.dummyjson.com/public/qr-code.png,8
2025-04-30T09:41:02.053Z,2025-04-30T09:41:02.053Z,3023868210708,https://cdn.dummyjson.com/public/qr-code.png,9
2025-04-30T09:41:02.053Z,2025-04-30T09:41:02.053Z,3170832177880,https://cdn.dummyjson.com/public/qr-code.png,10
2025-04-30T09:41:02.053Z,2025-04-30T09:41:02.053Z,3610757456581,https://cdn.dummyjson.com/public/qr-code.png,11
2025-04-30T09:41:02.053Z,2025-04-30T09:41:02.053Z,1777662847736,https://cdn.dummyjson.com/public/qr-code.png,12
2025-04-30T09:41:02.053Z,2025-04-30T09:41:02.053Z,6441287925979,https://cdn.dummyjson.com/public/qr-code.png,13
2025-04-30T09:41:02.053Z,2025-04-30T09:41:02.053Z,8919386859966,https://cdn.dummyjson.com/public/qr-code.png,14
2025-04-30T09:41:02.053Z,2025-04-30T09:41:02.053Z,1958104402873,https://cdn.dummyjson.com/public/qr-code.png,15
2025-04-30T09:41:02.053Z,2025-04-30T09:41:02.053Z,7962803553314,https://cdn.dummyjson.com/public/qr-code.png,16
2025-04-30T09:41:02.053Z,2025-04-30T09:41:02.053Z,5640063409695,https://cdn.dummyjson.com/public/qr-code.png,17
2025-04-30T09:41:02.053Z,2025-04-30T09:41:02.053Z,1483991328610,https://cdn.dummyjson.com/public/qr-code.png,18
2025-04-30T09:41:02.053Z,2025-04-30T09:41:02.053Z,8829514594521,https://cdn.dummyjson.com/public/qr-code.png,19
2025-04-30T09:41:02.053Z,2025-04-30T09:41:02.053Z,4874727824518,https://cdn.dummyjson.com/public/qr-code.png,20
2025-04-30T09:41:02.053Z,2025-04-30T09:41:02.053Z,5300066378225,https://cdn.dummyjson.com/public/qr-code.png,21
2025-04-30T09:41:02.053Z,2025-04-30T09:41:02.053Z,5906686116469,https://cdn.dummyjson.com/public/qr-code.png,22
2025-04-30T09:41:02.053Z,2025-04-30T09:41:02.053Z,3478638588469,https://cdn.dummyjson.com/public/qr-code.png,23
2025-04-30T09:41:02.053Z,2025-04-30T09:41:02.053Z,9595036192098,https://cdn.dummyjson.com/public/qr-code.png,24
2025-04-30T09:41:02.053Z,2025-04-30T09:41:02.053Z,2365227493323,https://cdn.dummyjson.com/public/qr-code.png,25
2025-04-30T09:41:02.053Z,2025-04-30T09:41:02.053Z,9335000538563,https://cdn.dummyjson.com/public/qr-code.png,26
2025-04-30T09:41:02.053Z,2025-04-30T09:41:02.053Z,6354306346329,https://cdn.dummyjson.com/public/qr-code.png,27
2025-04-30T09:41:02.053Z,2025-04-30T09:41:02.053Z,0788954559076,https://cdn.dummyjson.com/public/qr-code.png,28
2025-04-30T09:41:02.053Z,2025-04-30T09:41:02.053Z,6936112580956,https://cdn.dummyjson.com/public/qr-code.png,29
2025-04-30T09:41:02.053Z,2025-04-30T09:41:02.053Z,2530169917252,https://cdn.dummyjson.com/public/qr-code.png,30
2025-04-30T09:41:02.053Z,2025-04-30T09:41:02.053Z,4871812433378,https://cdn.dummyjson.com/public/qr-code.png,31
2025-04-30T09:41:02.053Z,2025-04-30T09:41:02.053Z,9835034508303,https://cdn.dummyjson.com/public/qr-code.png,32
2025-04-30T09:41:02.053Z,2025-04-30T09:41:02.053Z,2206629068605,https://cdn.dummyjson.com/public/qr-code.png,33
2025-04-30T09:41:02.053Z,2025-04-30T09:41:02.053Z,8572637994159,https://cdn.dummyjson.com/public/qr-code.png,34
2025-04-30T09:41:02.053Z,2025-04-30T09:41:02.053Z,3590399655074,https://cdn.dummyjson.com/public/qr-code.png,35
2025-04-30T09:41:02.053Z,2025-04-30T09:41:02.053Z,0435397154434,https://cdn.dummyjson.com/public/qr-code.png,36
2025-04-30T09:41:02.053Z,2025-04-30T09:41:02.053Z,4716374115631,https://cdn.dummyjson.com/public/qr-code.png,37
2025-04-30T09:41:02.053Z,2025-04-30T09:41:02.053Z,7339757397015,https://cdn.dummyjson.com/public/qr-code.png,38
2025-04-30T09:41:02.053Z,2025-04-30T09:41:02.053Z,2991169581178,https://cdn.dummyjson.com/public/qr-code.png,39
2025-04-30T09:41:02.053Z,2025-04-30T09:41:02.053Z,0792647462295,https://cdn.dummyjson.com/public/qr-code.png,40
2025-04-30T09:41:02.053Z,2025-04-30T09:41:02.053Z,9446468291745,https://cdn.dummyjson.com/public/qr-code.png,41
2025-04-30T09:41:02.053Z,2025-04-30T09:41:02.053Z,2409829645213,https://cdn.dummyjson.com/public/qr-code.png,42
2025-04-30T09:41:02.053Z,2025-04-30T09:41:02.053Z,9646971048759,https://cdn.dummyjson.com/public/qr-code.png,43
2025-04-30T09:41:02.053Z,2025-04-30T09:41:02.053Z,5398738320864,https://cdn.dummyjson.com/public/qr-code.png,44
2025-04-30T09:41:02.053Z,2025-04-30T09:41:02.053Z,8433795204995,https://cdn.dummyjson.com/public/qr-code.png,45
2025-04-30T09:41:02.053Z,2025-04-30T09:41:02.053Z,8477070578398,https://cdn.dummyjson.com/public/qr-code.png,46
2025-04-30T09:41:02.053Z,2025-04-30T09:41:02.053Z,8806138916048,https://cdn.dummyjson.com/public/qr-code.png,47
2025-04-30T09:41:02.053Z,2025-04-30T09:41:02.053Z,3988181417733,https://cdn.dummyjson.com/public/qr-code.png,48
2025-04-30T09:41:02.053Z,2025-04-30T09:41:02.053Z,5606164195748,https://cdn.dummyjson.com/public/qr-code.png,49
2025-04-30T09:41:02.053Z,2025-04-30T09:41:02.053Z,3112495795209,https://cdn.dummyjson.com/public/qr-code.png,50
2025-04-30T09:41:02.053Z,2025-04-30T09:41:02.053Z,4823087836817,https://cdn.dummyjson.com/public/qr-code.png,51
2025-04-30T09:41:02.053Z,2025-04-30T09:41:02.053Z,1810862118199,https://cdn.dummyjson.com/public/qr-code.png,52
2025-04-30T09:41:02.053Z,2025-04-30T09:41:02.053Z,0085585730728,https://cdn.dummyjson.com/public/qr-code.png,53
2025-04-30T09:41:02.053Z,2025-04-30T09:41:02.053Z,2231952604189,https://cdn.dummyjson.com/public/qr-code.png,54
2025-04-30T09:41:02.053Z,2025-04-30T09:41:02.053Z,6456249953517,https://cdn.dummyjson.com/public/qr-code.png,55
2025-04-30T09:41:02.053Z,2025-04-30T09:41:02.053Z,7534096777716,https://cdn.dummyjson.com/public/qr-code.png,56
2025-04-30T09:41:02.053Z,2025-04-30T09:41:02.053Z,8181672477425,https://cdn.dummyjson.com/public/qr-code.png,57
2025-04-30T09:41:02.053Z,2025-04-30T09:41:02.053Z,2851192866410,https://cdn.dummyjson.com/public/qr-code.png,58
2025-04-30T09:41:02.053Z,2025-04-30T09:41:02.053Z,4900880403720,https://cdn.dummyjson.com/public/qr-code.png,59
2025-04-30T09:41:02.053Z,2025-04-30T09:41:02.053Z,2542647841284,https://cdn.dummyjson.com/public/qr-code.png,60
2025-04-30T09:41:02.053Z,2025-04-30T09:41:02.053Z,1980575898457,https://cdn.dummyjson.com/public/qr-code.png,61
2025-04-30T09:41:02.053Z,2025-04-30T09:41:02.053Z,9123541111825,https://cdn.dummyjson.com/public/qr-code.png,62
2025-04-30T09:41:02.053Z,2025-04-30T09:41:02.053Z,7119606190291,https://cdn.dummyjson.com/public/qr-code.png,63
2025-04-30T09:41:02.053Z,2025-04-30T09:41:02.053Z,2258278927819,https://cdn.dummyjson.com/public/qr-code.png,64
2025-04-30T09:41:02.053Z,2025-04-30T09:41:02.053Z,3287134465440,https://cdn.dummyjson.com/public/qr-code.png,65
2025-04-30T09:41:02.053Z,2025-04-30T09:41:02.053Z,7578271198951,https://cdn.dummyjson.com/public/qr-code.png,66
2025-04-30T09:41:02.053Z,2025-04-30T09:41:02.053Z,4136081478055,https://cdn.dummyjson.com/public/qr-code.png,67
2025-04-30T09:41:02.053Z,2025-04-30T09:41:02.053Z,5159803862015,https://cdn.dummyjson.com/public/qr-code.png,68
2025-04-30T09:41:02.053Z,2025-04-30T09:41:02.053Z,8084753475328,https://cdn.dummyjson.com/public/qr-code.png,69
2025-04-30T09:41:02.053Z,2025-04-30T09:41:02.053Z,1919888449594,https://cdn.dummyjson.com/public/qr-code.png,70
2025-04-30T09:41:02.053Z,2025-04-30T09:41:02.053Z,9757232943842,https://cdn.dummyjson.com/public/qr-code.png,71
2025-04-30T09:41:02.053Z,2025-04-30T09:41:02.053Z,4396291569672,https://cdn.dummyjson.com/public/qr-code.png,72
2025-04-30T09:41:02.053Z,2025-04-30T09:41:02.053Z,6149284465708,https://cdn.dummyjson.com/public/qr-code.png,73
2025-04-30T09:41:02.053Z,2025-04-30T09:41:02.053Z,7769627934740,https://cdn.dummyjson.com/public/qr-code.png,74
2025-04-30T09:41:02.053Z,2025-04-30T09:41:02.053Z,5239514403214,https://cdn.dummyjson.com/public/qr-code.png,75
2025-04-30T09:41:02.053Z,2025-04-30T09:41:02.053Z,6934305212813,https://cdn.dummyjson.com/public/qr-code.png,76
2025-04-30T09:41:02.053Z,2025-04-30T09:41:02.053Z,8946155386929,https://cdn.dummyjson.com/public/qr-code.png,77
2025-04-30T09:41:02.053Z,2025-04-30T09:41:02.053Z,5275211560367,https://cdn.dummyjson.com/public/qr-code.png,78
2025-04-30T09:41:02.053Z,2025-04-30T09:41:02.053Z,7392988535158,https://cdn.dummyjson.com/public/qr-code.png,79
2025-04-30T09:41:02.053Z,2025-04-30T09:41:02.053Z,0592296671061,https://cdn.dummyjson.com/public/qr-code.png,80
2025-04-30T09:41:02.053Z,2025-04-30T09:41:02.053Z,5506742916764,https://cdn.dummyjson.com/public/qr-code.png,81
2025-04-30T09:41:02.053Z,2025-04-30T09:41:02.053Z,5963805976904,https://cdn.dummyjson.com/public/qr-code.png,82
2025-04-30T09:41:02.053Z,2025-04-30T09:41:02.053Z,7148674604957,https://cdn.dummyjson.com/public/qr-code.png,83
2025-04-30T09:41:02.053Z,2025-04-30T09:41:02.053Z,1654388837068,https://cdn.dummyjson.com/public/qr-code.png,84
2025-04-30T09:41:02.053Z,2025-04-30T09:41:02.053Z,2821496314023,https://cdn.dummyjson.com/public/qr-code.png,85
2025-04-30T09:41:02.053Z,2025-04-30T09:41:02.053Z,9995865660204,https://cdn.dummyjson.com/public/qr-code.png,86
2025-04-30T09:41:02.053Z,2025-04-30T09:41:02.053Z,9680331363394,https://cdn.dummyjson.com/public/qr-code.png,87
2025-04-30T09:41:02.053Z,2025-04-30T09:41:02.053Z,7631625812393,https://cdn.dummyjson.com/public/qr-code.png,88
2025-04-30T09:41:02.053Z,2025-04-30T09:41:02.053Z,2449851358796,https://cdn.dummyjson.com/public/qr-code.png,89
2025-04-30T09:41:02.053Z,2025-04-30T09:41:02.053Z,9715091831404,https://cdn.dummyjson.com/public/qr-code.png,90
2025-04-30T09:41:02.053Z,2025-04-30T09:41:02.053Z,6740319943645,https://cdn.dummyjson.com/public/qr-code.png,91
2025-04-30T09:41:02.053Z,2025-04-30T09:41:02.053Z,0430266023617,https://cdn.dummyjson.com/public/qr-code.png,92
2025-04-30T09:41:02.053Z,2025-04-30T09:41:02.053Z,4027206714862,https://cdn.dummyjson.com/public/qr-code.png,93
2025-04-30T09:41:02.053Z,2025-04-30T09:41:02.053Z,5984080925625,https://cdn.dummyjson.com/public/qr-code.png,94
2025-04-30T09:41:02.053Z,2025-04-30T09:41:02.053Z,9663455783895,https://cdn.dummyjson.com/public/qr-code.png,95
2025-04-30T09:41:02.053Z,2025-04-30T09:41:02.053Z,1957304538726,https://cdn.dummyjson.com/public/qr-code.png,96
2025-04-30T09:41:02.053Z,2025-04-30T09:41:02.053Z,8893788734644,https://cdn.dummyjson.com/public/qr-code.png,97
2025-04-30T09:41:02.053Z,2025-04-30T09:41:02.053Z,7133320173118,https://cdn.dummyjson.com/public/qr-code.png,98
2025-04-30T09:41:02.053Z,2025-04-30T09:41:02.053Z,2256117192038,https://cdn.dummyjson.com/public/qr-code.png,99
2025-04-30T09:41:02.053Z,2025-04-30T09:41:02.053Z,1104115683955,https://cdn.dummyjson.com/public/qr-code.png,100
2025-04-30T09:41:02.053Z,2025-04-30T09:41:02.053Z,4062176053732,https://cdn.dummyjson.com/public/qr-code.png,101
2025-04-30T09:41:02.053Z,2025-04-30T09:41:02.053Z,3323662242939,https://cdn.dummyjson.com/public/qr-code.png,102
2025-04-30T09:41:02.053Z,2025-04-30T09:41:02.053Z,6135642608024,https://cdn.dummyjson.com/public/qr-code.png,103
2025-04-30T09:41:02.053Z,2025-04-30T09:41:02.053Z,0879776541417,https://cdn.dummyjson.com/public/qr-code.png,104
2025-04-30T09:41:02.053Z,2025-04-30T09:41:02.053Z,5157424897794,https://cdn.dummyjson.com/public/qr-code.png,105
2025-04-30T09:41:02.053Z,2025-04-30T09:41:02.053Z,3921248718888,https://cdn.dummyjson.com/public/qr-code.png,106
2025-04-30T09:41:02.053Z,2025-04-30T09:41:02.053Z,1741271692174,https://cdn.dummyjson.com/public/qr-code.png,107
2025-04-30T09:41:02.053Z,2025-04-30T09:41:02.053Z,8156838251449,https://cdn.dummyjson.com/public/qr-code.png,108
2025-04-30T09:41:02.053Z,2025-04-30T09:41:02.053Z,2915346477518,https://cdn.dummyjson.com/public/qr-code.png,109
2025-04-30T09:41:02.053Z,2025-04-30T09:41:02.053Z,4372781189895,https://cdn.dummyjson.com/public/qr-code.png,110
2025-04-30T09:41:02.053Z,2025-04-30T09:41:02.053Z,7063982050226,https://cdn.dummyjson.com/public/qr-code.png,111
2025-04-30T09:41:02.053Z,2025-04-30T09:41:02.053Z,1488782082307,https://cdn.dummyjson.com/public/qr-code.png,112
2025-04-30T09:41:02.053Z,2025-04-30T09:41:02.053Z,2304118422941,https://cdn.dummyjson.com/public/qr-code.png,113
2025-04-30T09:41:02.053Z,2025-04-30T09:41:02.053Z,7320871299196,https://cdn.dummyjson.com/public/qr-code.png,114
2025-04-30T09:41:02.053Z,2025-04-30T09:41:02.053Z,1635178066049,https://cdn.dummyjson.com/public/qr-code.png,115
2025-04-30T09:41:02.054Z,2025-04-30T09:41:02.054Z,6595209798181,https://cdn.dummyjson.com/public/qr-code.png,116
2025-04-30T09:41:02.054Z,2025-04-30T09:41:02.054Z,8451323904420,https://cdn.dummyjson.com/public/qr-code.png,117
2025-04-30T09:41:02.053Z,2025-04-30T09:41:02.053Z,3566048905322,https://cdn.dummyjson.com/public/qr-code.png,118
2025-04-30T09:41:02.053Z,2025-04-30T09:41:02.053Z,6532659691643,https://cdn.dummyjson.com/public/qr-code.png,119
2025-04-30T09:41:02.054Z,2025-04-30T09:41:02.054Z,8483207319090,https://cdn.dummyjson.com/public/qr-code.png,120
2025-04-30T09:41:02.054Z,2025-04-30T09:41:02.054Z,8814683940853,https://cdn.dummyjson.com/public/qr-code.png,121
2025-04-30T09:41:02.054Z,2025-04-30T09:41:02.054Z,9922357685013,https://cdn.dummyjson.com/public/qr-code.png,122
2025-04-30T09:41:02.054Z,2025-04-30T09:41:02.054Z,4998438802308,https://cdn.dummyjson.com/public/qr-code.png,123
2025-04-30T09:41:02.054Z,2025-04-30T09:41:02.054Z,3034949322264,https://cdn.dummyjson.com/public/qr-code.png,124
2025-04-30T09:41:02.054Z,2025-04-30T09:41:02.054Z,0651223722522,https://cdn.dummyjson.com/public/qr-code.png,125
2025-04-30T09:41:02.054Z,2025-04-30T09:41:02.054Z,8576893968169,https://cdn.dummyjson.com/public/qr-code.png,126
2025-04-30T09:41:02.054Z,2025-04-30T09:41:02.054Z,3106827888743,https://cdn.dummyjson.com/public/qr-code.png,127
2025-04-30T09:41:02.054Z,2025-04-30T09:41:02.054Z,7825844344364,https://cdn.dummyjson.com/public/qr-code.png,128
2025-04-30T09:41:02.054Z,2025-04-30T09:41:02.054Z,4948452391831,https://cdn.dummyjson.com/public/qr-code.png,129
2025-04-30T09:41:02.054Z,2025-04-30T09:41:02.054Z,6151817227632,https://cdn.dummyjson.com/public/qr-code.png,130
2025-04-30T09:41:02.054Z,2025-04-30T09:41:02.054Z,7557912146622,https://cdn.dummyjson.com/public/qr-code.png,131
2025-04-30T09:41:02.054Z,2025-04-30T09:41:02.054Z,5995499013336,https://cdn.dummyjson.com/public/qr-code.png,132
2025-04-30T09:41:02.054Z,2025-04-30T09:41:02.054Z,4676898229465,https://cdn.dummyjson.com/public/qr-code.png,133
2025-04-30T09:41:02.054Z,2025-04-30T09:41:02.054Z,8575699153333,https://cdn.dummyjson.com/public/qr-code.png,134
2025-04-30T09:41:02.054Z,2025-04-30T09:41:02.054Z,4295398764784,https://cdn.dummyjson.com/public/qr-code.png,135
2025-04-30T09:41:02.054Z,2025-04-30T09:41:02.054Z,9944308291810,https://cdn.dummyjson.com/public/qr-code.png,136
2025-04-30T09:41:02.054Z,2025-04-30T09:41:02.054Z,0984311727547,https://cdn.dummyjson.com/public/qr-code.png,137
2025-04-30T09:41:02.054Z,2025-04-30T09:41:02.054Z,8981184448425,https://cdn.dummyjson.com/public/qr-code.png,138
2025-04-30T09:41:02.054Z,2025-04-30T09:41:02.054Z,1607433635330,https://cdn.dummyjson.com/public/qr-code.png,139
2025-04-30T09:41:02.054Z,2025-04-30T09:41:02.054Z,3219724919696,https://cdn.dummyjson.com/public/qr-code.png,140
2025-04-30T09:41:02.054Z,2025-04-30T09:41:02.054Z,6916173283925,https://cdn.dummyjson.com/public/qr-code.png,141
2025-04-30T09:41:02.054Z,2025-04-30T09:41:02.054Z,0027512125380,https://cdn.dummyjson.com/public/qr-code.png,142
2025-04-30T09:41:02.054Z,2025-04-30T09:41:02.054Z,1225217575490,https://cdn.dummyjson.com/public/qr-code.png,143
2025-04-30T09:41:02.054Z,2025-04-30T09:41:02.054Z,2192738034162,https://cdn.dummyjson.com/public/qr-code.png,144
2025-04-30T09:41:02.054Z,2025-04-30T09:41:02.054Z,9514466946651,https://cdn.dummyjson.com/public/qr-code.png,145
2025-04-30T09:41:02.054Z,2025-04-30T09:41:02.054Z,5360325610488,https://cdn.dummyjson.com/public/qr-code.png,146
2025-04-30T09:41:02.054Z,2025-04-30T09:41:02.054Z,7605305555987,https://cdn.dummyjson.com/public/qr-code.png,147
2025-04-30T09:41:02.054Z,2025-04-30T09:41:02.054Z,6940117186155,https://cdn.dummyjson.com/public/qr-code.png,148
2025-04-30T09:41:02.054Z,2025-04-30T09:41:02.054Z,4196059523236,https://cdn.dummyjson.com/public/qr-code.png,149
2025-04-30T09:41:02.054Z,2025-04-30T09:41:02.054Z,7296388268295,https://cdn.dummyjson.com/public/qr-code.png,150
2025-04-30T09:41:02.054Z,2025-04-30T09:41:02.054Z,2793132647969,https://cdn.dummyjson.com/public/qr-code.png,151
2025-04-30T09:41:02.054Z,2025-04-30T09:41:02.054Z,5611498376196,https://cdn.dummyjson.com/public/qr-code.png,152
2025-04-30T09:41:02.054Z,2025-04-30T09:41:02.054Z,6348576170594,https://cdn.dummyjson.com/public/qr-code.png,153
2025-04-30T09:41:02.054Z,2025-04-30T09:41:02.054Z,1045032983803,https://cdn.dummyjson.com/public/qr-code.png,154
2025-04-30T09:41:02.054Z,2025-04-30T09:41:02.054Z,5771263118885,https://cdn.dummyjson.com/public/qr-code.png,155
2025-04-30T09:41:02.054Z,2025-04-30T09:41:02.054Z,0635466237296,https://cdn.dummyjson.com/public/qr-code.png,156
2025-04-30T09:41:02.054Z,2025-04-30T09:41:02.054Z,8806276971112,https://cdn.dummyjson.com/public/qr-code.png,157
2025-04-30T09:41:02.054Z,2025-04-30T09:41:02.054Z,8850931201716,https://cdn.dummyjson.com/public/qr-code.png,158
2025-04-30T09:41:02.054Z,2025-04-30T09:41:02.054Z,6267995330420,https://cdn.dummyjson.com/public/qr-code.png,159
2025-04-30T09:41:02.054Z,2025-04-30T09:41:02.054Z,5021907981204,https://cdn.dummyjson.com/public/qr-code.png,160
2025-04-30T09:41:02.054Z,2025-04-30T09:41:02.054Z,3477850755498,https://cdn.dummyjson.com/public/qr-code.png,161
2025-04-30T09:41:02.054Z,2025-04-30T09:41:02.054Z,6410441827139,https://cdn.dummyjson.com/public/qr-code.png,162
2025-04-30T09:41:02.054Z,2025-04-30T09:41:02.054Z,6273976484433,https://cdn.dummyjson.com/public/qr-code.png,163
2025-04-30T09:41:02.054Z,2025-04-30T09:41:02.054Z,5201099489825,https://cdn.dummyjson.com/public/qr-code.png,164
2025-04-30T09:41:02.054Z,2025-04-30T09:41:02.054Z,2022014761829,https://cdn.dummyjson.com/public/qr-code.png,165
2025-04-30T09:41:02.054Z,2025-04-30T09:41:02.054Z,3383823083995,https://cdn.dummyjson.com/public/qr-code.png,166
2025-04-30T09:41:02.054Z,2025-04-30T09:41:02.054Z,6337799339397,https://cdn.dummyjson.com/public/qr-code.png,167
2025-04-30T09:41:02.054Z,2025-04-30T09:41:02.054Z,0376498933302,https://cdn.dummyjson.com/public/qr-code.png,168
2025-04-30T09:41:02.054Z,2025-04-30T09:41:02.054Z,8578515136594,https://cdn.dummyjson.com/public/qr-code.png,169
2025-04-30T09:41:02.054Z,2025-04-30T09:41:02.054Z,7539220768239,https://cdn.dummyjson.com/public/qr-code.png,170
2025-04-30T09:41:02.054Z,2025-04-30T09:41:02.054Z,2500742117107,https://cdn.dummyjson.com/public/qr-code.png,171
2025-04-30T09:41:02.054Z,2025-04-30T09:41:02.054Z,0558998280008,https://cdn.dummyjson.com/public/qr-code.png,172
2025-04-30T09:41:02.054Z,2025-04-30T09:41:02.054Z,4616258239513,https://cdn.dummyjson.com/public/qr-code.png,173
2025-04-30T09:41:02.054Z,2025-04-30T09:41:02.054Z,9614237439330,https://cdn.dummyjson.com/public/qr-code.png,174
2025-04-30T09:41:02.054Z,2025-04-30T09:41:02.054Z,8983558170212,https://cdn.dummyjson.com/public/qr-code.png,175
2025-04-30T09:41:02.054Z,2025-04-30T09:41:02.054Z,4283648448769,https://cdn.dummyjson.com/public/qr-code.png,176
2025-04-30T09:41:02.054Z,2025-04-30T09:41:02.054Z,0630346013554,https://cdn.dummyjson.com/public/qr-code.png,177
2025-04-30T09:41:02.054Z,2025-04-30T09:41:02.054Z,2931500162745,https://cdn.dummyjson.com/public/qr-code.png,178
2025-04-30T09:41:02.054Z,2025-04-30T09:41:02.054Z,9336695899390,https://cdn.dummyjson.com/public/qr-code.png,179
2025-04-30T09:41:02.054Z,2025-04-30T09:41:02.054Z,8142375980193,https://cdn.dummyjson.com/public/qr-code.png,180
2025-04-30T09:41:02.054Z,2025-04-30T09:41:02.054Z,7479689140965,https://cdn.dummyjson.com/public/qr-code.png,181
2025-04-30T09:41:02.054Z,2025-04-30T09:41:02.054Z,1680580323411,https://cdn.dummyjson.com/public/qr-code.png,182
2025-04-30T09:41:02.054Z,2025-04-30T09:41:02.054Z,4782555577213,https://cdn.dummyjson.com/public/qr-code.png,183
2025-04-30T09:41:02.054Z,2025-04-30T09:41:02.054Z,7759380216135,https://cdn.dummyjson.com/public/qr-code.png,184
2025-04-30T09:41:02.054Z,2025-04-30T09:41:02.054Z,5732146194724,https://cdn.dummyjson.com/public/qr-code.png,185
2025-04-30T09:41:02.054Z,2025-04-30T09:41:02.054Z,0196443645959,https://cdn.dummyjson.com/public/qr-code.png,186
2025-04-30T09:41:02.054Z,2025-04-30T09:41:02.054Z,0365072601388,https://cdn.dummyjson.com/public/qr-code.png,187
2025-04-30T09:41:02.054Z,2025-04-30T09:41:02.054Z,9686058230535,https://cdn.dummyjson.com/public/qr-code.png,188
2025-04-30T09:41:02.054Z,2025-04-30T09:41:02.054Z,5817762883655,https://cdn.dummyjson.com/public/qr-code.png,189
2025-04-30T09:41:02.054Z,2025-04-30T09:41:02.054Z,7438522857639,https://cdn.dummyjson.com/public/qr-code.png,190
2025-04-30T09:41:02.054Z,2025-04-30T09:41:02.054Z,4608359670564,https://cdn.dummyjson.com/public/qr-code.png,191
2025-04-30T09:41:02.054Z,2025-04-30T09:41:02.054Z,1265605585958,https://cdn.dummyjson.com/public/qr-code.png,192
2025-04-30T09:41:02.054Z,2025-04-30T09:41:02.054Z,8333241081413,https://cdn.dummyjson.com/public/qr-code.png,193
2025-04-30T09:41:02.054Z,2025-04-30T09:41:02.054Z,2093537854573,https://cdn.dummyjson.com/public/qr-code.png,194
