coin,wallet,network,user_id
Bitcoin,0xb9fc2fe63b2a6c003f1c324c3bfa53259162181a,Ethereum (ERC20),1
Bitcoin,0xb9fc2fe63b2a6c003f1c324c3bfa53259162181a,Ethereum (ERC20),2
Bitcoin,0xb9fc2fe63b2a6c003f1c324c3bfa53259162181a,Ethereum (ERC20),3
Bitcoin,0xb9fc2fe63b2a6c003f1c324c3bfa53259162181a,Ethereum (ERC20),4
Bitcoin,0xb9fc2fe63b2a6c003f1c324c3bfa53259162181a,Ethereum (ERC20),5
Bitcoin,0xb9fc2fe63b2a6c003f1c324c3bfa53259162181a,Ethereum (ERC20),6
Bitcoin,0xb9fc2fe63b2a6c003f1c324c3bfa53259162181a,Ethereum (ERC20),7
Bitcoin,0xb9fc2fe63b2a6c003f1c324c3bfa53259162181a,Ethereum (ERC20),8
Bitcoin,0xb9fc2fe63b2a6c003f1c324c3bfa53259162181a,Ethereum (ERC20),9
Bitcoin,0xb9fc2fe63b2a6c003f1c324c3bfa53259162181a,Ethereum (ERC20),10
Bitcoin,0xb9fc2fe63b2a6c003f1c324c3bfa53259162181a,Ethereum (ERC20),11
Bitcoin,0xb9fc2fe63b2a6c003f1c324c3bfa53259162181a,Ethereum (ERC20),12
Bitcoin,0xb9fc2fe63b2a6c003f1c324c3bfa53259162181a,Ethereum (ERC20),13
Bitcoin,0xb9fc2fe63b2a6c003f1c324c3bfa53259162181a,Ethereum (ERC20),14
Bitcoin,0xb9fc2fe63b2a6c003f1c324c3bfa53259162181a,Ethereum (ERC20),15
Bitcoin,0xb9fc2fe63b2a6c003f1c324c3bfa53259162181a,Ethereum (ERC20),16
Bitcoin,0xb9fc2fe63b2a6c003f1c324c3bfa53259162181a,Ethereum (ERC20),17
Bitcoin,0xb9fc2fe63b2a6c003f1c324c3bfa53259162181a,Ethereum (ERC20),18
Bitcoin,0xb9fc2fe63b2a6c003f1c324c3bfa53259162181a,Ethereum (ERC20),19
Bitcoin,0xb9fc2fe63b2a6c003f1c324c3bfa53259162181a,Ethereum (ERC20),20
Bitcoin,0xb9fc2fe63b2a6c003f1c324c3bfa53259162181a,Ethereum (ERC20),21
Bitcoin,0xb9fc2fe63b2a6c003f1c324c3bfa53259162181a,Ethereum (ERC20),22
Bitcoin,0xb9fc2fe63b2a6c003f1c324c3bfa53259162181a,Ethereum (ERC20),23
Bitcoin,0xb9fc2fe63b2a6c003f1c324c3bfa53259162181a,Ethereum (ERC20),24
Bitcoin,0xb9fc2fe63b2a6c003f1c324c3bfa53259162181a,Ethereum (ERC20),25
Bitcoin,0xb9fc2fe63b2a6c003f1c324c3bfa53259162181a,Ethereum (ERC20),26
Bitcoin,0xb9fc2fe63b2a6c003f1c324c3bfa53259162181a,Ethereum (ERC20),27
Bitcoin,0xb9fc2fe63b2a6c003f1c324c3bfa53259162181a,Ethereum (ERC20),28
Bitcoin,0xb9fc2fe63b2a6c003f1c324c3bfa53259162181a,Ethereum (ERC20),29
Bitcoin,0xb9fc2fe63b2a6c003f1c324c3bfa53259162181a,Ethereum (ERC20),30
Bitcoin,0xb9fc2fe63b2a6c003f1c324c3bfa53259162181a,Ethereum (ERC20),31
Bitcoin,0xb9fc2fe63b2a6c003f1c324c3bfa53259162181a,Ethereum (ERC20),32
Bitcoin,0xb9fc2fe63b2a6c003f1c324c3bfa53259162181a,Ethereum (ERC20),33
Bitcoin,0xb9fc2fe63b2a6c003f1c324c3bfa53259162181a,Ethereum (ERC20),34
Bitcoin,0xb9fc2fe63b2a6c003f1c324c3bfa53259162181a,Ethereum (ERC20),35
Bitcoin,0xb9fc2fe63b2a6c003f1c324c3bfa53259162181a,Ethereum (ERC20),36
Bitcoin,0xb9fc2fe63b2a6c003f1c324c3bfa53259162181a,Ethereum (ERC20),37
Bitcoin,0xb9fc2fe63b2a6c003f1c324c3bfa53259162181a,Ethereum (ERC20),38
Bitcoin,0xb9fc2fe63b2a6c003f1c324c3bfa53259162181a,Ethereum (ERC20),39
Bitcoin,0xb9fc2fe63b2a6c003f1c324c3bfa53259162181a,Ethereum (ERC20),40
Bitcoin,0xb9fc2fe63b2a6c003f1c324c3bfa53259162181a,Ethereum (ERC20),41
Bitcoin,0xb9fc2fe63b2a6c003f1c324c3bfa53259162181a,Ethereum (ERC20),42
Bitcoin,0xb9fc2fe63b2a6c003f1c324c3bfa53259162181a,Ethereum (ERC20),43
Bitcoin,0xb9fc2fe63b2a6c003f1c324c3bfa53259162181a,Ethereum (ERC20),44
Bitcoin,0xb9fc2fe63b2a6c003f1c324c3bfa53259162181a,Ethereum (ERC20),45
Bitcoin,0xb9fc2fe63b2a6c003f1c324c3bfa53259162181a,Ethereum (ERC20),46
Bitcoin,0xb9fc2fe63b2a6c003f1c324c3bfa53259162181a,Ethereum (ERC20),47
Bitcoin,0xb9fc2fe63b2a6c003f1c324c3bfa53259162181a,Ethereum (ERC20),48
Bitcoin,0xb9fc2fe63b2a6c003f1c324c3bfa53259162181a,Ethereum (ERC20),49
Bitcoin,0xb9fc2fe63b2a6c003f1c324c3bfa53259162181a,Ethereum (ERC20),50
Bitcoin,0xb9fc2fe63b2a6c003f1c324c3bfa53259162181a,Ethereum (ERC20),51
Bitcoin,0xb9fc2fe63b2a6c003f1c324c3bfa53259162181a,Ethereum (ERC20),52
Bitcoin,0xb9fc2fe63b2a6c003f1c324c3bfa53259162181a,Ethereum (ERC20),53
Bitcoin,0xb9fc2fe63b2a6c003f1c324c3bfa53259162181a,Ethereum (ERC20),54
Bitcoin,0xb9fc2fe63b2a6c003f1c324c3bfa53259162181a,Ethereum (ERC20),55
Bitcoin,0xb9fc2fe63b2a6c003f1c324c3bfa53259162181a,Ethereum (ERC20),56
Bitcoin,0xb9fc2fe63b2a6c003f1c324c3bfa53259162181a,Ethereum (ERC20),57
Bitcoin,0xb9fc2fe63b2a6c003f1c324c3bfa53259162181a,Ethereum (ERC20),58
Bitcoin,0xb9fc2fe63b2a6c003f1c324c3bfa53259162181a,Ethereum (ERC20),59
Bitcoin,0xb9fc2fe63b2a6c003f1c324c3bfa53259162181a,Ethereum (ERC20),60
Bitcoin,0xb9fc2fe63b2a6c003f1c324c3bfa53259162181a,Ethereum (ERC20),61
Bitcoin,0xb9fc2fe63b2a6c003f1c324c3bfa53259162181a,Ethereum (ERC20),62
Bitcoin,0xb9fc2fe63b2a6c003f1c324c3bfa53259162181a,Ethereum (ERC20),63
Bitcoin,0xb9fc2fe63b2a6c003f1c324c3bfa53259162181a,Ethereum (ERC20),64
Bitcoin,0xb9fc2fe63b2a6c003f1c324c3bfa53259162181a,Ethereum (ERC20),65
Bitcoin,0xb9fc2fe63b2a6c003f1c324c3bfa53259162181a,Ethereum (ERC20),66
Bitcoin,0xb9fc2fe63b2a6c003f1c324c3bfa53259162181a,Ethereum (ERC20),67
Bitcoin,0xb9fc2fe63b2a6c003f1c324c3bfa53259162181a,Ethereum (ERC20),68
Bitcoin,0xb9fc2fe63b2a6c003f1c324c3bfa53259162181a,Ethereum (ERC20),69
Bitcoin,0xb9fc2fe63b2a6c003f1c324c3bfa53259162181a,Ethereum (ERC20),70
Bitcoin,0xb9fc2fe63b2a6c003f1c324c3bfa53259162181a,Ethereum (ERC20),71
Bitcoin,0xb9fc2fe63b2a6c003f1c324c3bfa53259162181a,Ethereum (ERC20),72
Bitcoin,0xb9fc2fe63b2a6c003f1c324c3bfa53259162181a,Ethereum (ERC20),73
Bitcoin,0xb9fc2fe63b2a6c003f1c324c3bfa53259162181a,Ethereum (ERC20),74
Bitcoin,0xb9fc2fe63b2a6c003f1c324c3bfa53259162181a,Ethereum (ERC20),75
Bitcoin,0xb9fc2fe63b2a6c003f1c324c3bfa53259162181a,Ethereum (ERC20),76
Bitcoin,0xb9fc2fe63b2a6c003f1c324c3bfa53259162181a,Ethereum (ERC20),77
Bitcoin,0xb9fc2fe63b2a6c003f1c324c3bfa53259162181a,Ethereum (ERC20),78
Bitcoin,0xb9fc2fe63b2a6c003f1c324c3bfa53259162181a,Ethereum (ERC20),79
Bitcoin,0xb9fc2fe63b2a6c003f1c324c3bfa53259162181a,Ethereum (ERC20),80
Bitcoin,0xb9fc2fe63b2a6c003f1c324c3bfa53259162181a,Ethereum (ERC20),81
Bitcoin,0xb9fc2fe63b2a6c003f1c324c3bfa53259162181a,Ethereum (ERC20),82
Bitcoin,0xb9fc2fe63b2a6c003f1c324c3bfa53259162181a,Ethereum (ERC20),83
Bitcoin,0xb9fc2fe63b2a6c003f1c324c3bfa53259162181a,Ethereum (ERC20),84
Bitcoin,0xb9fc2fe63b2a6c003f1c324c3bfa53259162181a,Ethereum (ERC20),85
Bitcoin,0xb9fc2fe63b2a6c003f1c324c3bfa53259162181a,Ethereum (ERC20),86
Bitcoin,0xb9fc2fe63b2a6c003f1c324c3bfa53259162181a,Ethereum (ERC20),87
Bitcoin,0xb9fc2fe63b2a6c003f1c324c3bfa53259162181a,Ethereum (ERC20),88
Bitcoin,0xb9fc2fe63b2a6c003f1c324c3bfa53259162181a,Ethereum (ERC20),89
Bitcoin,0xb9fc2fe63b2a6c003f1c324c3bfa53259162181a,Ethereum (ERC20),90
Bitcoin,0xb9fc2fe63b2a6c003f1c324c3bfa53259162181a,Ethereum (ERC20),91
Bitcoin,0xb9fc2fe63b2a6c003f1c324c3bfa53259162181a,Ethereum (ERC20),92
Bitcoin,0xb9fc2fe63b2a6c003f1c324c3bfa53259162181a,Ethereum (ERC20),93
Bitcoin,0xb9fc2fe63b2a6c003f1c324c3bfa53259162181a,Ethereum (ERC20),94
Bitcoin,0xb9fc2fe63b2a6c003f1c324c3bfa53259162181a,Ethereum (ERC20),95
Bitcoin,0xb9fc2fe63b2a6c003f1c324c3bfa53259162181a,Ethereum (ERC20),96
Bitcoin,0xb9fc2fe63b2a6c003f1c324c3bfa53259162181a,Ethereum (ERC20),97
Bitcoin,0xb9fc2fe63b2a6c003f1c324c3bfa53259162181a,Ethereum (ERC20),98
Bitcoin,0xb9fc2fe63b2a6c003f1c324c3bfa53259162181a,Ethereum (ERC20),99
Bitcoin,0xb9fc2fe63b2a6c003f1c324c3bfa53259162181a,Ethereum (ERC20),100
Bitcoin,0xb9fc2fe63b2a6c003f1c324c3bfa53259162181a,Ethereum (ERC20),101
Bitcoin,0xb9fc2fe63b2a6c003f1c324c3bfa53259162181a,Ethereum (ERC20),102
Bitcoin,0xb9fc2fe63b2a6c003f1c324c3bfa53259162181a,Ethereum (ERC20),103
Bitcoin,0xb9fc2fe63b2a6c003f1c324c3bfa53259162181a,Ethereum (ERC20),104
Bitcoin,0xb9fc2fe63b2a6c003f1c324c3bfa53259162181a,Ethereum (ERC20),105
Bitcoin,0xb9fc2fe63b2a6c003f1c324c3bfa53259162181a,Ethereum (ERC20),106
Bitcoin,0xb9fc2fe63b2a6c003f1c324c3bfa53259162181a,Ethereum (ERC20),107
Bitcoin,0xb9fc2fe63b2a6c003f1c324c3bfa53259162181a,Ethereum (ERC20),108
Bitcoin,0xb9fc2fe63b2a6c003f1c324c3bfa53259162181a,Ethereum (ERC20),109
Bitcoin,0xb9fc2fe63b2a6c003f1c324c3bfa53259162181a,Ethereum (ERC20),110
Bitcoin,0xb9fc2fe63b2a6c003f1c324c3bfa53259162181a,Ethereum (ERC20),111
Bitcoin,0xb9fc2fe63b2a6c003f1c324c3bfa53259162181a,Ethereum (ERC20),112
Bitcoin,0xb9fc2fe63b2a6c003f1c324c3bfa53259162181a,Ethereum (ERC20),113
Bitcoin,0xb9fc2fe63b2a6c003f1c324c3bfa53259162181a,Ethereum (ERC20),114
Bitcoin,0xb9fc2fe63b2a6c003f1c324c3bfa53259162181a,Ethereum (ERC20),115
Bitcoin,0xb9fc2fe63b2a6c003f1c324c3bfa53259162181a,Ethereum (ERC20),116
Bitcoin,0xb9fc2fe63b2a6c003f1c324c3bfa53259162181a,Ethereum (ERC20),117
Bitcoin,0xb9fc2fe63b2a6c003f1c324c3bfa53259162181a,Ethereum (ERC20),118
Bitcoin,0xb9fc2fe63b2a6c003f1c324c3bfa53259162181a,Ethereum (ERC20),119
Bitcoin,0xb9fc2fe63b2a6c003f1c324c3bfa53259162181a,Ethereum (ERC20),120
Bitcoin,0xb9fc2fe63b2a6c003f1c324c3bfa53259162181a,Ethereum (ERC20),121
Bitcoin,0xb9fc2fe63b2a6c003f1c324c3bfa53259162181a,Ethereum (ERC20),122
Bitcoin,0xb9fc2fe63b2a6c003f1c324c3bfa53259162181a,Ethereum (ERC20),123
Bitcoin,0xb9fc2fe63b2a6c003f1c324c3bfa53259162181a,Ethereum (ERC20),124
Bitcoin,0xb9fc2fe63b2a6c003f1c324c3bfa53259162181a,Ethereum (ERC20),125
Bitcoin,0xb9fc2fe63b2a6c003f1c324c3bfa53259162181a,Ethereum (ERC20),126
Bitcoin,0xb9fc2fe63b2a6c003f1c324c3bfa53259162181a,Ethereum (ERC20),127
Bitcoin,0xb9fc2fe63b2a6c003f1c324c3bfa53259162181a,Ethereum (ERC20),128
Bitcoin,0xb9fc2fe63b2a6c003f1c324c3bfa53259162181a,Ethereum (ERC20),129
Bitcoin,0xb9fc2fe63b2a6c003f1c324c3bfa53259162181a,Ethereum (ERC20),130
Bitcoin,0xb9fc2fe63b2a6c003f1c324c3bfa53259162181a,Ethereum (ERC20),131
Bitcoin,0xb9fc2fe63b2a6c003f1c324c3bfa53259162181a,Ethereum (ERC20),132
Bitcoin,0xb9fc2fe63b2a6c003f1c324c3bfa53259162181a,Ethereum (ERC20),133
Bitcoin,0xb9fc2fe63b2a6c003f1c324c3bfa53259162181a,Ethereum (ERC20),134
Bitcoin,0xb9fc2fe63b2a6c003f1c324c3bfa53259162181a,Ethereum (ERC20),135
Bitcoin,0xb9fc2fe63b2a6c003f1c324c3bfa53259162181a,Ethereum (ERC20),136
Bitcoin,0xb9fc2fe63b2a6c003f1c324c3bfa53259162181a,Ethereum (ERC20),137
Bitcoin,0xb9fc2fe63b2a6c003f1c324c3bfa53259162181a,Ethereum (ERC20),138
Bitcoin,0xb9fc2fe63b2a6c003f1c324c3bfa53259162181a,Ethereum (ERC20),139
Bitcoin,0xb9fc2fe63b2a6c003f1c324c3bfa53259162181a,Ethereum (ERC20),140
Bitcoin,0xb9fc2fe63b2a6c003f1c324c3bfa53259162181a,Ethereum (ERC20),141
Bitcoin,0xb9fc2fe63b2a6c003f1c324c3bfa53259162181a,Ethereum (ERC20),142
Bitcoin,0xb9fc2fe63b2a6c003f1c324c3bfa53259162181a,Ethereum (ERC20),143
Bitcoin,0xb9fc2fe63b2a6c003f1c324c3bfa53259162181a,Ethereum (ERC20),144
Bitcoin,0xb9fc2fe63b2a6c003f1c324c3bfa53259162181a,Ethereum (ERC20),145
Bitcoin,0xb9fc2fe63b2a6c003f1c324c3bfa53259162181a,Ethereum (ERC20),146
Bitcoin,0xb9fc2fe63b2a6c003f1c324c3bfa53259162181a,Ethereum (ERC20),147
Bitcoin,0xb9fc2fe63b2a6c003f1c324c3bfa53259162181a,Ethereum (ERC20),148
Bitcoin,0xb9fc2fe63b2a6c003f1c324c3bfa53259162181a,Ethereum (ERC20),149
Bitcoin,0xb9fc2fe63b2a6c003f1c324c3bfa53259162181a,Ethereum (ERC20),150
Bitcoin,0xb9fc2fe63b2a6c003f1c324c3bfa53259162181a,Ethereum (ERC20),151
Bitcoin,0xb9fc2fe63b2a6c003f1c324c3bfa53259162181a,Ethereum (ERC20),152
Bitcoin,0xb9fc2fe63b2a6c003f1c324c3bfa53259162181a,Ethereum (ERC20),153
Bitcoin,0xb9fc2fe63b2a6c003f1c324c3bfa53259162181a,Ethereum (ERC20),154
Bitcoin,0xb9fc2fe63b2a6c003f1c324c3bfa53259162181a,Ethereum (ERC20),155
Bitcoin,0xb9fc2fe63b2a6c003f1c324c3bfa53259162181a,Ethereum (ERC20),156
Bitcoin,0xb9fc2fe63b2a6c003f1c324c3bfa53259162181a,Ethereum (ERC20),157
Bitcoin,0xb9fc2fe63b2a6c003f1c324c3bfa53259162181a,Ethereum (ERC20),158
Bitcoin,0xb9fc2fe63b2a6c003f1c324c3bfa53259162181a,Ethereum (ERC20),159
Bitcoin,0xb9fc2fe63b2a6c003f1c324c3bfa53259162181a,Ethereum (ERC20),160
Bitcoin,0xb9fc2fe63b2a6c003f1c324c3bfa53259162181a,Ethereum (ERC20),161
Bitcoin,0xb9fc2fe63b2a6c003f1c324c3bfa53259162181a,Ethereum (ERC20),162
Bitcoin,0xb9fc2fe63b2a6c003f1c324c3bfa53259162181a,Ethereum (ERC20),163
Bitcoin,0xb9fc2fe63b2a6c003f1c324c3bfa53259162181a,Ethereum (ERC20),164
Bitcoin,0xb9fc2fe63b2a6c003f1c324c3bfa53259162181a,Ethereum (ERC20),165
Bitcoin,0xb9fc2fe63b2a6c003f1c324c3bfa53259162181a,Ethereum (ERC20),166
Bitcoin,0xb9fc2fe63b2a6c003f1c324c3bfa53259162181a,Ethereum (ERC20),167
Bitcoin,0xb9fc2fe63b2a6c003f1c324c3bfa53259162181a,Ethereum (ERC20),168
Bitcoin,0xb9fc2fe63b2a6c003f1c324c3bfa53259162181a,Ethereum (ERC20),169
Bitcoin,0xb9fc2fe63b2a6c003f1c324c3bfa53259162181a,Ethereum (ERC20),170
Bitcoin,0xb9fc2fe63b2a6c003f1c324c3bfa53259162181a,Ethereum (ERC20),171
Bitcoin,0xb9fc2fe63b2a6c003f1c324c3bfa53259162181a,Ethereum (ERC20),172
Bitcoin,0xb9fc2fe63b2a6c003f1c324c3bfa53259162181a,Ethereum (ERC20),173
Bitcoin,0xb9fc2fe63b2a6c003f1c324c3bfa53259162181a,Ethereum (ERC20),174
Bitcoin,0xb9fc2fe63b2a6c003f1c324c3bfa53259162181a,Ethereum (ERC20),175
Bitcoin,0xb9fc2fe63b2a6c003f1c324c3bfa53259162181a,Ethereum (ERC20),176
Bitcoin,0xb9fc2fe63b2a6c003f1c324c3bfa53259162181a,Ethereum (ERC20),177
Bitcoin,0xb9fc2fe63b2a6c003f1c324c3bfa53259162181a,Ethereum (ERC20),178
Bitcoin,0xb9fc2fe63b2a6c003f1c324c3bfa53259162181a,Ethereum (ERC20),179
Bitcoin,0xb9fc2fe63b2a6c003f1c324c3bfa53259162181a,Ethereum (ERC20),180
Bitcoin,0xb9fc2fe63b2a6c003f1c324c3bfa53259162181a,Ethereum (ERC20),181
Bitcoin,0xb9fc2fe63b2a6c003f1c324c3bfa53259162181a,Ethereum (ERC20),182
Bitcoin,0xb9fc2fe63b2a6c003f1c324c3bfa53259162181a,Ethereum (ERC20),183
Bitcoin,0xb9fc2fe63b2a6c003f1c324c3bfa53259162181a,Ethereum (ERC20),184
Bitcoin,0xb9fc2fe63b2a6c003f1c324c3bfa53259162181a,Ethereum (ERC20),185
Bitcoin,0xb9fc2fe63b2a6c003f1c324c3bfa53259162181a,Ethereum (ERC20),186
Bitcoin,0xb9fc2fe63b2a6c003f1c324c3bfa53259162181a,Ethereum (ERC20),187
Bitcoin,0xb9fc2fe63b2a6c003f1c324c3bfa53259162181a,Ethereum (ERC20),188
Bitcoin,0xb9fc2fe63b2a6c003f1c324c3bfa53259162181a,Ethereum (ERC20),189
Bitcoin,0xb9fc2fe63b2a6c003f1c324c3bfa53259162181a,Ethereum (ERC20),190
Bitcoin,0xb9fc2fe63b2a6c003f1c324c3bfa53259162181a,Ethereum (ERC20),191
Bitcoin,0xb9fc2fe63b2a6c003f1c324c3bfa53259162181a,Ethereum (ERC20),192
Bitcoin,0xb9fc2fe63b2a6c003f1c324c3bfa53259162181a,Ethereum (ERC20),193
Bitcoin,0xb9fc2fe63b2a6c003f1c324c3bfa53259162181a,Ethereum (ERC20),194
Bitcoin,0xb9fc2fe63b2a6c003f1c324c3bfa53259162181a,Ethereum (ERC20),195
Bitcoin,0xb9fc2fe63b2a6c003f1c324c3bfa53259162181a,Ethereum (ERC20),196
Bitcoin,0xb9fc2fe63b2a6c003f1c324c3bfa53259162181a,Ethereum (ERC20),197
Bitcoin,0xb9fc2fe63b2a6c003f1c324c3bfa53259162181a,Ethereum (ERC20),198
Bitcoin,0xb9fc2fe63b2a6c003f1c324c3bfa53259162181a,Ethereum (ERC20),199
Bitcoin,0xb9fc2fe63b2a6c003f1c324c3bfa53259162181a,Ethereum (ERC20),200
Bitcoin,0xb9fc2fe63b2a6c003f1c324c3bfa53259162181a,Ethereum (ERC20),201
Bitcoin,0xb9fc2fe63b2a6c003f1c324c3bfa53259162181a,Ethereum (ERC20),202
Bitcoin,0xb9fc2fe63b2a6c003f1c324c3bfa53259162181a,Ethereum (ERC20),203
Bitcoin,0xb9fc2fe63b2a6c003f1c324c3bfa53259162181a,Ethereum (ERC20),204
Bitcoin,0xb9fc2fe63b2a6c003f1c324c3bfa53259162181a,Ethereum (ERC20),205
Bitcoin,0xb9fc2fe63b2a6c003f1c324c3bfa53259162181a,Ethereum (ERC20),206
Bitcoin,0xb9fc2fe63b2a6c003f1c324c3bfa53259162181a,Ethereum (ERC20),207
Bitcoin,0xb9fc2fe63b2a6c003f1c324c3bfa53259162181a,Ethereum (ERC20),208
