department,name,title,user_id
Engineering,"Dooley, Kozey and Cronin",Sales Manager,1
Support,Spinka - Dickinson,Support Specialist,2
Research and Development,Schiller - Zieme,Accountant,3
Support,Pagac and Sons,Research Analyst,4
Human Resources,Graham - Gulgowski,Quality Assurance Engineer,5
Product Management,Pfannerstill Inc,Research Analyst,6
Engineering,Dickens - Beahan,Web Developer,7
Marketing,Nikolaus Inc,Chief Executive Officer,8
Support,Gorczany - Gottlieb,Legal Counsel,9
Marketing,Pollich - Hilpert,Chief Financial Officer,10
Services,Considine - Torp,Web Developer,11
Accounting,"Miller, Schowalter and Wisozk",Business Analyst,12
Engineering,"Botsford, Marquardt and Roberts",Database Administrator,13
Accounting,Zulauf and Sons,Chief Executive Officer,14
Marketing,Spinka - Dickinson,Software Architect,15
Accounting,Herzog Inc,Database Administrator,16
Support,Predovic - Johns,Chief Financial Officer,17
Training,Jast - Nader,Data Analyst,18
Human Resources,Prohaska - Thiel,Business Analyst,19
Legal,Kuhlman LLC,Web Developer,20
Engineering,Mayer - Smitham,Chief Technology Officer,21
Legal,Langworth Group,Business Analyst,22
Sales,Grady LLC,Database Administrator,23
Accounting,Spinka LLC,Business Analyst,24
Legal,"Leffler, Rolfson and Becker",Business Development Manager,25
Accounting,"Tromp, Gaylord and Weber",Project Manager,26
Support,"Morissette, Baumbach and Auer",Legal Counsel,27
Product Management,Cremin Inc,Quality Assurance Engineer,28
Services,"Gerlach, Funk and Schoen",Sales Manager,29
Services,Kreiger Inc,Human Resources Manager,30
Accounting,"Miller, Schowalter and Wisozk",Technical Support Engineer,31
Research and Development,Mante LLC,Accountant,32
Product Management,Luettgen and Sons,Software Engineer,33
Research and Development,"Berge, Reinger and Oberbrunner",Engineer,34
Legal,Keebler and Sons,Chief Information Officer,35
Engineering,Ritchie and Sons,Marketing Manager,36
Engineering,Kihn - Thompson,Developer,37
Legal,Sanford and Sons,Database Administrator,38
Accounting,Fadel Inc,Chief Operating Officer,39
Human Resources,Cassin Group,Chief Technology Officer,40
Human Resources,Jacobs - Nader,Business Analyst,41
Support,Schmidt - Hyatt,Sales Manager,42
Product Management,Kuhlman LLC,Technical Support Engineer,43
Legal,Schmeler - Spinka,Chief Financial Officer,44
Research and Development,Johnson and Sons,Legal Counsel,45
Engineering,Weber Inc,Technical Support Engineer,46
Research and Development,"Runolfsson, Kohler and Welch",Chief Financial Officer,47
Marketing,Moore Inc,Research Analyst,48
Engineering,"Kessler, Kozey and Simonis",Chief Executive Officer,49
Research and Development,Ernser Group,Database Administrator,50
Accounting,"Waters, Ankunding and Green",Chief Operating Officer,51
Human Resources,Cassin Group,Database Administrator,52
Human Resources,Von Inc,Project Manager,53
Engineering,Blanda - Jacobson,Legal Counsel,54
Human Resources,Hilpert Inc,Chief Financial Officer,55
Services,Grady LLC,Sales Manager,56
Sales,Von Inc,Engineer,57
Product Management,"Weissnat, Wyman and Turner",Project Manager,58
Training,Halvorson LLC,Data Scientist,59
Business Development,"Will, Stamm and Zieme",Legal Counsel,60
Research and Development,Langworth Group,Developer,61
Services,"Kuhic, Romaguera and Funk",Web Developer,62
Engineering,Stark and Sons,Chief Technology Officer,63
Marketing,"Nicolas, Adams and West",Data Scientist,64
Engineering,"Sawayn, Koss and Medhurst",Chief Financial Officer,65
Legal,"Wisozk, Schamberger and Huels",Project Manager,66
Marketing,"Schaefer, Hackett and Kreiger",Technical Support Engineer,67
Legal,"Carroll, Kuphal and Durgan",Chief Technology Officer,68
Legal,"Grant, Jacobson and Ankunding",Database Administrator,69
Human Resources,Marks LLC,Research Analyst,70
Legal,Ziemann - Rau,Project Manager,71
Services,"Auer, Hettinger and Bradtke",Support Specialist,72
Accounting,Ullrich LLC,Product Manager,73
Legal,"Auer, Hettinger and Bradtke",Engineer,74
Engineering,Dooley LLC,Chief Executive Officer,75
Product Management,King - Muller,Web Developer,76
Training,"Carroll, Kuphal and Durgan",Business Analyst,77
Product Management,Hilpert and Sons,Web Developer,78
Marketing,Jacobi - Miller,Chief Financial Officer,79
Business Development,Nolan Group,Systems Analyst,80
Sales,Okuneva Group,Legal Counsel,81
Research and Development,Rippin Inc,Research Analyst,82
Services,Schmidt - Hyatt,Support Specialist,83
Accounting,Marvin Inc,Quality Assurance Engineer,84
Training,"Barton, Blick and Osinski",Business Analyst,85
Business Development,Hahn - Lakin,Chief Information Officer,86
Support,Stark and Sons,Chief Information Officer,87
Sales,Cassin Group,Engineer,88
Human Resources,Stiedemann LLC,Chief Technology Officer,89
Sales,Wisozk - Feeney,Software Engineer,90
Product Management,Quitzon LLC,Software Architect,91
Product Management,Kuhlman LLC,Business Analyst,92
Engineering,"Considine, Heathcote and Abernathy",Research Analyst,93
Marketing,Kohler and Sons,Human Resources Manager,94
Marketing,"Hudson, Labadie and Greenfelder",Developer,95
Product Management,Hudson - Marquardt,Chief Information Officer,96
Legal,Luettgen and Sons,Support Specialist,97
Training,Mayer - Smitham,Accountant,98
Marketing,"Strosin, Anderson and Baumbach",Support Specialist,99
Legal,"Hartmann, Hilpert and Kulas",Sales Manager,100
Marketing,Jast - Nader,Product Manager,101
Accounting,Aufderhar - Cormier,Business Analyst,102
Research and Development,Pfannerstill Inc,Data Analyst,103
Marketing,"Wisozk, Schamberger and Huels",Systems Analyst,104
Sales,Nienow - Fritsch,Software Engineer,105
Legal,"Dickens, Tremblay and Quigley",Chief Operating Officer,106
Legal,Okuneva Group,Engineer,107
Product Management,"West, Jast and Balistreri",Systems Analyst,108
Business Development,Bruen and Sons,Developer,109
Research and Development,Feeney LLC,Legal Counsel,110
Product Management,Gusikowski - Toy,Support Specialist,111
Sales,Gibson LLC,Chief Technology Officer,112
Services,Hilpert Inc,Chief Technology Officer,113
Engineering,Schmeler - Spinka,Systems Analyst,114
Product Management,Cruickshank LLC,Quality Assurance Engineer,115
Marketing,Shields Group,Quality Assurance Engineer,116
Services,Swift - Stamm,Chief Executive Officer,117
Research and Development,Parker Inc,Developer,118
Support,"Considine, Stiedemann and Doyle",Business Analyst,119
Research and Development,Kunde and Sons,Developer,120
Marketing,Lebsack Inc,Engineer,121
Research and Development,Gutmann - Von,Business Analyst,122
Services,Wisoky - Rowe,Chief Information Officer,123
Research and Development,"Satterfield, Shields and Littel",Project Manager,124
Training,"Kshlerin, Mitchell and Wilderman",Sales Manager,125
Services,Langosh - Maggio,Database Administrator,126
Support,Spinka - Dickinson,Software Architect,127
Training,Roberts LLC,Technical Support Engineer,128
Human Resources,Langworth Group,Software Architect,129
Services,Schmidt - Hyatt,Marketing Manager,130
Human Resources,"Kshlerin, Mitchell and Wilderman",Legal Counsel,131
Business Development,Hintz Inc,Systems Analyst,132
Support,Bradtke - Hoeger,Systems Analyst,133
Product Management,Cremin - Koepp,Developer,134
Accounting,Stokes - Harber,Marketing Manager,135
Training,Schowalter Group,Data Scientist,136
Support,Keebler LLC,Research Analyst,137
Engineering,"Weissnat, Wyman and Turner",Data Scientist,138
Accounting,Swift - Stamm,Quality Assurance Engineer,139
Accounting,Price and Sons,Human Resources Manager,140
Marketing,Schmeler - Spinka,Support Specialist,141
Human Resources,"Oberbrunner, Mosciski and Witting",Software Architect,142
Research and Development,Kling Inc,Human Resources Manager,143
Support,Schiller - Zieme,Software Architect,144
Marketing,Kreiger and Sons,Chief Information Officer,145
Services,Spinka LLC,Data Analyst,146
Legal,Dickens - Beahan,Technical Support Engineer,147
Sales,Cassin Group,Chief Financial Officer,148
Training,"Hudson, Labadie and Greenfelder",Project Manager,149
Services,Spinka - Dickinson,Product Manager,150
Training,Stark Group,Chief Operating Officer,151
Business Development,Spinka - Dickinson,Chief Executive Officer,152
Research and Development,"Sauer, Ernser and Gusikowski",Business Analyst,153
Accounting,"Lehner, Wisozk and Vandervort",Chief Operating Officer,154
Marketing,"Goldner, Batz and Hilpert",Legal Counsel,155
Marketing,Wisoky - Rowe,Software Architect,156
Support,"Leffler, Rolfson and Becker",Support Specialist,157
Human Resources,Kreiger and Sons,Developer,158
Support,Stokes - Harber,Software Architect,159
Accounting,Kulas - Littel,Chief Financial Officer,160
Support,Jacobs - Nader,Project Manager,161
Accounting,Luettgen and Sons,Chief Executive Officer,162
Engineering,"Crona, Grant and Hodkiewicz",Project Manager,163
Human Resources,"Kshlerin, Mitchell and Wilderman",Product Manager,164
Research and Development,Langworth Group,Chief Financial Officer,165
Research and Development,Bruen and Sons,Database Administrator,166
Legal,Beatty Inc,Web Developer,167
Product Management,Halvorson LLC,Engineer,168
Services,Spinka - Dickinson,Chief Technology Officer,169
Sales,"West, Jast and Balistreri",Web Developer,170
Human Resources,"Oberbrunner, Mosciski and Witting",Web Developer,171
Accounting,Stiedemann LLC,Engineer,172
Human Resources,Ullrich LLC,Sales Manager,173
Marketing,Lowe - Nader,Database Administrator,174
Legal,Harris - Klocko,Project Manager,175
Support,"Ankunding, Little and Flatley",Web Developer,176
Human Resources,Kling Inc,Marketing Manager,177
Legal,Watsica and Sons,Quality Assurance Engineer,178
Services,Dooley LLC,Support Specialist,179
Research and Development,"Runolfsson, Kohler and Welch",Software Engineer,180
Marketing,Von Inc,Legal Counsel,181
Legal,"Botsford, Marquardt and Roberts",Chief Executive Officer,182
Support,"Sauer, Ernser and Gusikowski",Software Architect,183
Support,Hudson - Marquardt,Chief Executive Officer,184
Product Management,Armstrong Inc,Developer,185
Support,Pacocha Inc,Project Manager,186
Services,Halvorson LLC,Accountant,187
Sales,Gibson LLC,Sales Manager,188
Research and Development,Kiehn and Sons,Legal Counsel,189
Research and Development,"Waters, Ankunding and Green",Database Administrator,190
Product Management,"Tromp, Gaylord and Weber",Support Specialist,191
Marketing,"Quigley, Dare and Kovacek",Marketing Manager,192
Human Resources,"Goldner, Batz and Hilpert",Data Scientist,193
Research and Development,"Sauer, Ernser and Gusikowski",Marketing Manager,194
Engineering,Langworth Group,Human Resources Manager,195
Services,Gutmann - Von,Software Engineer,196
Legal,Cremin Inc,Chief Financial Officer,197
Sales,Parker Inc,Chief Operating Officer,198
Support,Oberbrunner LLC,Business Development Manager,199
Legal,Rippin Inc,Technical Support Engineer,200
Support,Ward - Sauer,Project Manager,201
Human Resources,"Runolfsson, Kohler and Welch",Web Developer,202
Marketing,Schmidt - Hyatt,Legal Counsel,203
Engineering,"Hickle, Altenwerth and Stamm",Software Engineer,204
Legal,Moore Inc,Web Developer,205
Engineering,Heller LLC,Project Manager,206
Marketing,"Quigley, Dare and Kovacek",Data Scientist,207
Business Development,Schowalter Group,Project Manager,208
